Metric,Units,Region,Type,year1,year2,year3,year4,year5,year6,year7,year8,year9,year10,year11,year12,year13,year14,year15,year16,year17,year18,year19,year20,year21,year22,year23,year24,year25,year26,year27,year28,year29,year30,year31,year32,year33,year34,year35,year36,year37,year38,year39,year40
costsPerTree,dollars,Southwest desert,Small,50.63305462,5.90723153,8.860847295,11.81446306,14.76807882,14.65013495,14.53219107,14.4142472,14.29630332,14.17835945,14.36405832,14.54975718,14.73545605,14.92115492,15.10685379,16.34150031,17.57614683,18.81079335,20.04543987,21.28008639,21.37795472,21.47582304,21.57369136,21.67155968,21.769428,21.85474911,21.94007021,22.02539131,22.11071241,22.19603351,22.02790075,21.85976799,21.69163524,21.52350248,21.35536972,21.58372914,21.81208855,22.04044797,22.26880739,22.49716681
costsPerTree,dollars,Southwest desert,Med,50.75350794,6.148138168,9.222207253,12.29627634,15.37034542,16.62004861,17.86975179,19.11945498,20.36915817,21.61886136,22.19352407,22.76818678,23.34284949,23.9175122,24.49217491,24.60008101,24.7079871,24.8158932,24.9237993,25.0317054,25.3328387,25.633972,25.93510529,26.23623859,26.53737189,26.80086353,27.06435516,27.3278468,27.59133843,27.85483007,28.51983277,29.18483547,29.84983817,30.51484087,31.17984357,31.32790077,31.47595798,31.62401518,31.77207239,31.92012959
costsPerTree,dollars,Southwest desert,Large,50.45237464,5.545871572,8.318807358,11.09174314,13.86467893,13.8345656,13.80445227,13.77433894,13.74422561,13.71411228,15.0792499,16.44438752,17.80952513,19.17466275,20.53980037,20.76815979,20.99651921,21.22487862,21.45323804,21.68159746,21.94759854,22.21359962,22.4796007,22.74560178,23.01160286,23.3152456,23.61888834,23.92253109,24.22617383,24.52981657,25.30774426,26.08567194,26.86359963,27.64152732,28.419455,29.43327044,30.44708588,31.46090131,32.47471675,33.48853219
costsPerTree,dollars,Southwest desert,Conifer,50.24158133,5.124284955,7.686427433,10.24856991,12.81071239,13.09427958,13.37784677,13.66141395,13.94498114,14.22854833,15.65642205,17.08429578,18.5121695,19.94004322,21.36791694,22.17093907,22.9739612,23.77698332,24.58000545,25.38302758,25.59883978,25.81465197,26.03046417,26.24627637,26.46208857,26.63022132,26.79835408,26.96648684,27.1346196,27.30275236,27.42320567,27.54365899,27.66411231,27.78456563,27.90501895,28.59762554,29.29023212,29.98283871,30.67544529,31.36805188
costsPerTree,dollars,Inland Empire,Small,28.02180658,5.187339876,7.781009814,10.37467975,12.96834969,13.01385267,13.05935565,13.10485863,13.15036161,13.1958646,13.29222385,13.38858311,13.48494236,13.58130161,13.67766087,13.77937342,13.88108596,13.98279851,14.08451106,14.1862236,14.2906128,14.39500199,14.49939118,14.60378037,14.70816957,15.82700758,16.94584559,18.0646836,19.18352161,20.30235963,21.30074857,22.29913752,23.29752646,24.2959154,25.29430435,25.66368149,26.03305863,26.40243578,26.77181292,27.14119006
costsPerTree,dollars,Inland Empire,Med,29.7990995,8.741925714,13.11288857,17.48385143,21.85481429,23.41262224,24.97043019,26.52823814,28.08604609,29.64385404,30.05070422,30.45755441,30.8644046,31.27125478,31.67810497,32.23217068,32.7862364,33.34030211,33.89436783,34.44843354,34.65721193,34.86599031,35.0747687,35.28354708,35.49232547,35.61009789,35.72787031,35.84564273,35.96341516,36.08118758,36.11330733,36.14542708,36.17754683,36.20966658,36.24178634,36.19093006,36.14007379,36.08921752,36.03836124,35.98750497
costsPerTree,dollars,Inland Empire,Large,29.82318932,8.790105342,13.18515801,17.58021068,21.97526335,23.98274783,25.9902323,27.99771677,30.00520124,32.01268571,33.00304472,33.99340373,34.98376273,35.97412174,36.96448075,37.87454037,38.7846,39.69465963,40.60471925,41.51477888,41.95374882,42.39271876,42.8316887,43.27065863,43.70962857,43.57847292,43.44731727,43.31616161,43.18500596,43.05385031,43.33489814,43.61594596,43.89699379,44.17804161,44.45908944,45.75190944,47.04472944,48.33754944,49.63036944,50.92318944
costsPerTree,dollars,Northern California Coast,Small,32.73472857,2.426082951,3.639124427,4.852165902,6.065207378,6.61520647,7.165205562,7.715204654,8.265203746,8.815202838,8.939115677,9.063028516,9.186941355,9.310854193,9.434767032,9.554332052,9.673897072,9.793462092,9.913027112,10.03259213,12.77823977,15.52388741,18.26953506,21.0151827,23.76083034,23.77387379,23.78691725,23.79996071,23.81300416,23.82604762,23.83474326,23.8434389,23.85213453,23.86083017,23.86952581,23.87387363,23.87822145,23.88256927,23.88691709,23.8912649
costsPerTree,dollars,Northern California Coast,Med,32.71516338,2.386952581,3.580428871,4.773905162,5.967381452,6.578250009,7.189118566,7.799987123,8.410855679,9.021724236,9.20650654,9.391288843,9.576071147,9.76085345,9.945635754,12.85650051,15.76736527,18.67823003,21.58909479,24.49995955,24.57169856,24.64343758,24.71517659,24.7869156,24.85865461,24.9238719,24.98908918,25.05430646,25.11952375,25.18474103,28.40430093,31.62386083,34.84342074,38.06298064,41.28254054,41.19993198,41.11732342,41.03471486,40.9521063,40.86949774
costsPerTree,dollars,Northern California Coast,Large,32.72385902,2.404343857,3.606515785,4.808687713,6.010859642,9.595636332,13.18041302,16.76518971,20.3499664,23.93474309,24.0521342,24.16952531,24.28691643,24.40430754,24.52169865,24.63256803,24.74343741,24.85430679,24.96517617,25.07604556,25.18256712,25.28908868,25.39561025,25.50213181,25.60865337,29.00429994,32.39994651,35.79559308,39.19123964,42.58688621,42.55427757,42.52166893,42.48906029,42.45645165,42.423843,42.38688654,42.34993008,42.31297362,42.27601716,42.2390607
costsPerTree,dollars,Northern California Coast,Conifer,32.72385902,2.404343857,3.606515785,4.808687713,6.010859642,9.893461927,13.77606421,17.6586665,21.54126878,25.42387107,25.78908786,26.15430465,26.51952143,26.88473822,27.24995501,27.50430242,27.75864982,28.01299723,28.26734464,28.52169204,32.17603384,35.83037563,39.48471742,43.13905921,46.79340101,46.86296611,46.93253121,47.00209631,47.07166142,47.14122652,47.18687862,47.23253072,47.27818282,47.32383491,47.36948701,47.3890522,47.40861738,47.42818257,47.44774775,47.46731294
costsPerTree,dollars,Southern California Coast,Small,29.19080451,6.078205993,9.11730899,12.15641199,15.19551498,16.51135849,17.827202,19.14304551,20.45888901,21.77473252,21.83529436,21.89585619,21.95641803,22.01697986,22.0775417,23.24198062,24.40641954,25.57085846,26.73529738,27.8997363,27.88597224,27.87220819,27.85844413,27.84468008,27.83091603,27.78962387,27.74833171,27.70703955,27.66574739,27.62445523,27.56389339,27.50333156,27.44276972,27.38220789,27.32164605,27.58041026,27.83917446,28.09793866,28.35670287,28.61546707
costsPerTree,dollars,Southern California Coast,Med,29.45782714,6.612251266,9.918376899,13.22450253,16.53062816,17.83821324,19.14579832,20.45338339,21.76096847,23.06855354,24.37338581,25.67821807,26.98305034,28.2878826,29.59271487,29.6532767,29.71383854,29.77440037,29.83496221,29.89552404,29.91204091,29.92855777,29.94507463,29.9615915,29.97810836,29.9615915,29.94507463,29.92855777,29.91204091,29.89552404,29.85147907,29.8074341,29.76338913,29.71934416,29.67529919,29.61473735,29.55417552,29.49361368,29.43305185,29.37249001
costsPerTree,dollars,Southern California Coast,Large,29.46883839,6.634273751,9.951410627,13.2685475,16.58568438,19.38529285,22.18490131,24.98450978,27.78411825,30.58372671,31.07923264,31.57473856,32.07024448,32.56575041,33.06125633,33.73018933,34.39912232,35.06805532,35.73698832,36.40592131,36.74726984,37.08861836,37.42996689,37.77131541,38.11266394,38.85592282,39.59918171,40.34244059,41.08569948,41.82895836,42.0436776,42.25839683,42.47311606,42.6878353,42.90255453,43.59901563,44.29547674,44.99193784,45.68839894,46.38486005
costsPerTree,dollars,Temperate Interior West,Small,33.82723088,3.626714539,5.440071809,7.253429079,9.066786348,9.423512369,9.780238389,10.13696441,10.49369043,10.85041645,11.218576,11.58673554,11.95489509,12.32305464,12.69121418,13.01135292,13.33149165,13.65163039,13.97176913,14.29190786,14.55716567,14.82242348,15.08768129,15.3529391,15.61819691,15.83543391,16.05267091,16.26990791,16.48714491,16.70438191,16.8735981,17.04281429,17.21203048,17.38124667,17.55046286,17.67394494,17.79742702,17.92090911,18.04439119,18.16787328
costsPerTree,dollars,Temperate Interior West,Med,34.51552917,5.003311105,7.504966657,10.00662221,12.50827776,12.54943846,12.59059915,12.63175985,12.67292054,12.71408123,13.09367431,13.47326738,13.85286045,14.23245353,14.6120466,14.92303851,15.23403043,15.54502234,15.85601426,16.16700617,16.41168364,16.6563611,16.90103856,17.14571603,17.39039349,18.32565594,19.26091839,20.19618084,21.13144329,22.06670574,22.14445372,22.2222017,22.29994968,22.37769766,22.45544563,22.48059939,22.50575315,22.53090691,22.55606067,22.58121442
costsPerTree,dollars,Temperate Interior West,Large,33.94156615,3.855385065,5.783077598,7.71077013,9.638462663,10.1758384,10.71321413,11.25058987,11.78796561,12.32534134,12.77810898,13.23087662,13.68364426,14.13641191,14.58917955,14.95733909,15.32549864,15.69365819,16.06181773,16.42997728,17.52302239,18.61606751,19.70911262,20.80215773,21.89520285,22.07585256,22.25650228,22.43715199,22.61780171,22.79845142,22.9196468,23.04084218,23.16203756,23.28323294,23.40442832,23.47760288,23.55077745,23.62395202,23.69712659,23.77030116
costsPerTree,dollars,Temperate Interior West,Conifer,33.37674995,2.725752668,4.088629001,5.451505335,6.814381669,6.441648712,6.068915755,5.696182798,5.323449841,4.950716884,5.641301872,6.33188686,7.022471848,7.713056836,8.403641823,8.707773623,9.011905422,9.316037221,9.620169021,9.92430082,10.15754476,10.39078869,10.62403263,10.85727657,11.0905205,11.26659681,11.44267311,11.61874942,11.79482572,11.97090203,12.10124423,12.23158643,12.36192863,12.49227082,12.62261302,12.77810898,12.93360494,13.0891009,13.24459685,13.40009281
costsPerTree,dollars,Inland Valley (San Juaquin Valley),Small,81.84342122,21.41973561,32.12960341,42.83947121,53.54933902,43.46829182,33.38724463,23.30619744,13.22515025,3.144103061,3.320514274,3.496925486,3.673336699,3.849747911,4.026159124,4.16842623,4.310693337,4.452960444,4.595227551,4.737494658,4.856999028,4.976503397,5.096007767,5.215512137,5.335016507,5.431758139,5.528499772,5.625241405,5.721983037,5.81872467,5.89839425,5.97806383,6.057733409,6.137402989,6.217072569,6.356494334,6.495916098,6.635337863,6.774759628,6.914181393
costsPerTree,dollars,Inland Valley (San Juaquin Valley),Med,82.40395363,22.54080041,33.81120061,45.08160082,56.35200102,46.58394146,36.81588191,27.04782235,17.2797628,7.511703241,7.947040588,8.382377935,8.817715282,9.253052629,9.688389976,10.00991364,10.3314373,10.65296096,10.97448462,11.29600828,12.35163022,13.40725215,14.46287408,15.51849601,16.57411795,16.78751861,17.00091927,17.21431993,17.42772059,17.64112125,17.78338836,17.92565546,18.06792257,18.21018968,18.35245678,18.43212636,18.51179594,18.59146552,18.6711351,18.75080468
costsPerTree,dollars,Inland Valley (San Juaquin Valley),Large,83.02708355,23.78706026,35.6805904,47.57412053,59.46765066,50.12639242,40.78513419,31.44387595,22.10261772,12.76135948,14.50839956,16.25543963,18.0024797,19.74951977,21.49655984,22.02294814,22.54933643,23.07572473,23.60211303,24.12850132,24.40449951,24.6804977,24.95649588,25.23249407,25.50849226,25.62515128,25.74181031,25.85846934,25.97512837,26.09178739,26.10032342,26.10885945,26.11739547,26.1259315,26.13446753,26.39339366,26.6523198,26.91124593,27.17017206,27.4290982
benefitsPerTree,dollars,Southwest desert,Small,2.258499735,4.516999471,6.775499206,9.033998941,11.29249868,12.20091746,13.10933624,14.01775502,14.92617381,15.83459259,17.15706966,18.47954672,19.80202379,21.12450086,22.44697792,23.59881279,24.75064765,25.90248252,27.05431738,28.20615225,29.41570433,30.62525641,31.83480849,33.04436057,34.25391265,35.30536975,36.35682685,37.40828395,38.45974105,39.51119815,39.36565039,39.22010263,39.07455487,38.9290071,38.78345934,38.52247715,38.26149496,38.00051277,37.73953058,37.47854839
benefitsPerTree,dollars,Southwest desert,Med,4.732811668,9.465623335,14.198435,18.93124667,23.66405834,25.97274696,28.28143557,30.59012419,32.89881281,35.20750143,37.47854839,39.74959534,42.0206423,44.29168925,46.56273621,48.35698878,50.15124134,51.94549391,53.73974648,55.53399905,56.92674055,58.31948205,59.71222356,61.10496506,62.49770656,63.52908811,64.56046966,65.5918512,66.62323275,67.65461429,69.30833799,70.96206168,72.61578538,74.26950907,75.92323277,77.2833515,78.64347023,80.00358896,81.36370769,82.72382642
benefitsPerTree,dollars,Southwest desert,Large,3.641203462,7.282406924,10.92361039,14.56481385,18.20601731,20.2913654,22.37671349,24.46206158,26.54740967,28.63275776,31.06942803,33.5060983,35.94276857,38.37943884,40.81610911,43.00183496,45.18756082,47.37328667,49.55901253,51.74473838,54.17638976,56.60804114,59.03969253,61.47134391,63.90299529,66.07868337,68.25437145,70.43005952,72.6057476,74.78143568,76.27204551,77.76265533,79.25326516,80.74387498,82.23448481,83.26084746,84.28721012,85.31357278,86.33993544,87.36629809
benefitsPerTree,dollars,Southwest desert,Conifer,1.784214791,3.568429582,5.352644373,7.136859164,8.921073954,11.91985971,14.91864547,17.91743123,20.91621699,23.91500275,26.7481652,29.58132764,32.41449009,35.24765254,38.08081498,40.48486248,42.88890997,45.29295747,47.69700497,50.10105246,52.64060994,55.18016742,57.7197249,60.25928238,62.79883986,65.26813291,67.73742595,70.20671899,72.67601204,75.14530508,77.53429591,79.92328674,82.31227758,84.70126841,87.09025924,89.74023226,92.39020528,95.04017831,97.69015133,100.3401244
benefitsPerTree,dollars,Inland Empire,Small,1.019802112,2.039604224,3.059406335,4.079208447,5.099010559,5.607573292,6.116136025,6.624698758,7.133261491,7.641824224,8.351135404,9.060446584,9.769757764,10.47906894,11.18838012,12.02081702,12.85325391,13.68569081,14.5181277,15.3505646,16.33557031,17.32057602,18.30558174,19.29058745,20.27559317,21.43458087,22.59356857,23.75255627,24.91154398,26.07053168,27.46774087,28.86495006,30.26215925,31.65936845,33.05657764,34.77766099,36.49874435,38.2198277,39.94091106,41.66199441
benefitsPerTree,dollars,Inland Empire,Med,5.86720795,11.7344159,17.60162385,23.4688318,29.33603975,32.89865553,36.4612713,40.02388708,43.58650286,47.14911863,51.02490199,54.90068534,58.7764687,62.65225205,66.5280354,70.13347752,73.73891963,77.34436174,80.94980385,84.55524596,87.45673019,90.35821441,93.25969863,96.16118286,99.06266708,100.8078402,102.5530134,104.2981866,106.0433598,107.7885329,108.1766466,108.5647602,108.9528739,109.3409876,109.7291012,108.5647602,107.4004193,106.2360783,105.0717373,103.9073963
benefitsPerTree,dollars,Inland Empire,Large,10.35326658,20.70653317,31.05979975,41.41306634,51.76633292,56.61373876,61.4611446,66.30855043,71.15595627,76.00336211,80.81329491,85.6232277,90.4331605,95.24309329,100.0530261,104.6300907,109.2071553,113.7842199,118.3612845,122.9383491,127.1674497,131.3965503,135.6256509,139.8547516,144.0838522,148.0104918,151.9371314,155.8637711,159.7904107,163.7170503,167.3947619,171.0724734,174.750185,178.4278965,182.1056081,185.4514155,188.797223,192.1430304,195.4888379,198.8346453
benefitsPerTree,dollars,Northern California Coast,Small,3.082603606,6.165207213,9.247810819,12.33041443,15.41301803,16.86084173,18.30866543,19.75648912,21.20431282,22.65213652,24.52169865,26.39126078,28.26082291,30.13038504,31.99994717,34.40429103,36.80863488,39.21297874,41.6173226,44.02166645,46.45861895,48.89557145,51.33252395,53.76947645,56.20642894,58.52599033,60.84555172,63.16511311,65.4846745,67.80423588,69.98684098,72.16944607,74.35205116,76.53465625,78.71726135,80.76725796,82.81725458,84.86725119,86.91724781,88.96724442
benefitsPerTree,dollars,Northern California Coast,Med,8.604333621,17.20866724,25.81300086,34.41733448,43.0216681,45.87383731,48.72600651,51.57817572,54.43034492,57.28251412,59.28685864,61.29120316,63.29554768,65.29989219,67.30423671,68.70206049,70.09988427,71.49770805,72.89553183,74.29335561,75.3955277,76.49769979,77.59987189,78.70204398,79.80421607,80.27812833,80.7520406,81.22595286,81.69986512,82.17377738,82.58029845,82.98681951,83.39334058,83.79986165,84.20638272,84.51290395,84.81942518,85.12594642,85.43246765,85.73898888
benefitsPerTree,dollars,Northern California Coast,Large,20.31953167,40.63906334,60.95859501,81.27812668,101.5976584,102.2759181,102.9541779,103.6324376,104.3106974,104.9889571,107.5715615,110.154166,112.7367704,115.3193748,117.9019793,120.5889313,123.2758834,125.9628355,128.6497876,131.3367397,134.2323871,137.1280345,140.0236819,142.9193293,145.8149767,148.6758415,151.5367063,154.3975712,157.258436,160.1193009,163.1301655,166.1410301,169.1518947,172.1627592,175.1736238,177.4562288,179.7388337,182.0214386,184.3040435,186.5866485
benefitsPerTree,dollars,Northern California Coast,Conifer,28.64125706,57.28251412,85.92377119,114.5650282,143.2062853,148.6432329,154.0801804,159.5171279,164.9540755,170.391023,173.1084099,175.8257967,178.5431835,181.2605703,183.9779571,185.4149113,186.8518654,188.2888196,189.7257737,191.1627279,192.6431602,194.1235926,195.6040249,197.0844572,198.5648896,200.3235823,202.0822751,203.8409678,205.5996606,207.3583533,208.6170469,209.8757405,211.134434,212.3931276,213.6518212,214.6300804,215.6083397,216.5865989,217.5648582,218.5431175
benefitsPerTree,dollars,Southern California Coast,Small,5.42303705,10.8460741,16.26911115,21.6921482,27.11518525,26.91147726,26.70776927,26.50406128,26.30035329,26.0966453,26.48754441,26.87844353,27.26934265,27.66024177,28.05114088,28.46130967,28.87147847,29.28164726,29.69181605,30.10198484,30.42406369,30.74614254,31.06822139,31.39030024,31.71237909,32.03170513,32.35103117,32.67035721,32.98968325,33.30900929,33.43563858,33.56226787,33.68889717,33.81552646,33.94215575,34.08805472,34.23395368,34.37985265,34.52575161,34.67165058
benefitsPerTree,dollars,Southern California Coast,Med,9.665118316,19.33023663,28.99535495,38.66047326,48.32559158,49.09637857,49.86716556,50.63795256,51.40873955,52.17952654,53.64677463,55.11402273,56.58127082,58.04851892,59.51576702,60.80958804,62.10340906,63.39723008,64.6910511,65.98487213,66.89329965,67.80172718,68.7101547,69.61858223,70.52700976,71.43268447,72.33835919,73.2440339,74.14970862,75.05538333,75.47656337,75.8977434,76.31892344,76.74010347,77.16128351,77.58796916,78.01465482,78.44134048,78.86802613,79.29471179
benefitsPerTree,dollars,Southern California Coast,Large,12.04079394,24.08158787,36.12238181,48.16317575,60.20396969,64.96357936,69.72318904,74.48279871,79.24240839,84.00201806,88.68179623,93.36157439,98.04135256,102.7211307,107.4009089,111.4062484,115.411588,119.4169275,123.4222671,127.4276066,130.563058,133.6985094,136.8339607,139.9694121,143.1048635,145.9787978,148.8527322,151.7266665,154.6006009,157.4745352,159.4758286,161.477122,163.4784154,165.4797087,167.4810021,169.3529134,171.2248246,173.0967359,174.9686472,176.8405584
benefitsPerTree,dollars,Temperate Interior West,Small,1.342295986,2.684591973,4.026887959,5.369183946,6.711479932,9.416652253,12.12182457,14.82699689,17.53216921,20.23734153,22.3548306,24.47231967,26.58980874,28.70729781,30.82478688,32.17165628,33.51852567,34.86539507,36.21226447,37.55913386,38.15139053,38.74364719,39.33590385,39.92816051,40.52041717,40.74222758,40.96403799,41.1858484,41.40765881,41.62946922,41.40765881,41.1858484,40.96403799,40.74222758,40.52041717,40.12939057,39.73836397,39.34733738,38.95631078,38.56528418
benefitsPerTree,dollars,Temperate Interior West,Med,7.141380521,14.28276104,21.42414156,28.56552208,35.7069026,36.99203096,38.27715932,39.56228767,40.84741603,42.13254438,43.65777679,45.18300919,46.7082416,48.23347401,49.75870642,51.16274344,52.56678047,53.9708175,55.37485453,56.77889156,57.72101412,58.66313669,59.60525926,60.54738182,61.48950439,62.1480755,62.80664662,63.46521773,64.12378885,64.78235996,65.02017731,65.25799466,65.495812,65.73362935,65.9714467,66.09950219,66.22755768,66.35561318,66.48366867,66.61172417
benefitsPerTree,dollars,Temperate Interior West,Large,3.946853275,7.893706551,11.84055983,15.7874131,19.73426638,27.9618319,36.18939741,44.41696293,52.64452845,60.87209397,65.63072761,70.38936125,75.1479949,79.90662854,84.66526218,86.78046454,88.89566691,91.01086927,93.12607164,95.241274,95.55455262,95.86783124,96.18110986,96.49438848,96.8076671,96.07134801,95.33502891,94.59870982,93.86239073,93.12607164,91.8066427,90.48721377,89.16778483,87.8483559,86.52892697,85.49076278,84.45259859,83.4144344,82.37627022,81.33810603
benefitsPerTree,dollars,Temperate Interior West,Conifer,4.065761949,8.131523898,12.19728585,16.2630478,20.32880974,22.16503407,24.00125839,25.83748271,27.67370703,29.50993136,30.69673138,31.88353141,33.07033144,34.25713147,35.4439315,36.33803326,37.23213501,38.12623677,39.02033852,39.91444028,40.42208885,40.92973741,41.43738598,41.94503455,42.45268312,42.85514324,43.25760337,43.66006349,44.06252362,44.46498374,44.63191323,44.79884271,44.96577219,45.13270168,45.29963116,45.4048196,45.51000805,45.61519649,45.72038493,45.82557337
benefitsPerTree,dollars,Inland Valley (San Juaquin Valley),Small,1.553556807,3.107113613,4.66067042,6.214227227,7.767784034,8.570170516,9.372556999,10.17494348,10.97732996,11.77971645,12.23497119,12.69022593,13.14548067,13.60073541,14.05599016,14.34052437,14.62505858,14.9095928,15.19412701,15.47866122,15.65507244,15.83148365,16.00789486,16.18430607,16.36071729,16.48591234,16.61110739,16.73630245,16.8614975,16.98669256,17.0435994,17.10050624,17.15741309,17.21431993,17.27122677,17.32528827,17.37934977,17.43341127,17.48747277,17.54153427
benefitsPerTree,dollars,Inland Valley (San Juaquin Valley),Med,4.071684598,8.143369196,12.21505379,16.28673839,20.35842299,23.54805152,26.73768006,29.9273086,33.11693713,36.30656567,38.86452825,41.42249083,43.98045341,46.53841599,49.09637857,51.09096341,53.08554825,55.08013309,57.07471792,59.06930276,60.53465396,62.00000516,63.46535636,64.93070756,66.39605876,67.63378259,68.87150642,70.10923025,71.34695408,72.58467791,73.259024,73.93337008,74.60771617,75.28206226,75.95640834,76.63359977,77.3107912,77.98798263,78.66517406,79.34236549
benefitsPerTree,dollars,Inland Valley (San Juaquin Valley),Large,13.0999552,26.1999104,39.29986559,52.39982079,65.49977599,70.13483833,74.76990067,79.40496301,84.04002535,88.6750877,90.01808918,91.36109067,92.70409216,94.04709365,95.39009514,96.22662573,97.06315631,97.8996869,98.73621749,99.57274808,100.1617339,100.7507197,101.3397055,101.9286914,102.5176772,103.3997333,104.2817893,105.1638454,106.0459014,106.9279575,107.1783476,107.4287377,107.6791278,107.9295179,108.179908,108.6550802,109.1302523,109.6054245,110.0805966,110.5557687
carbonSequestration,pounds,Southwest desert,Small,8.8,17.6,26.4,35.2,44,50.6,57.2,63.8,70.4,77,87.4,97.8,108.2,118.6,129,140.6,152.2,163.8,175.4,187,190.4,193.8,197.2,200.6,204,207,210,213,216,219,217.2,215.4,213.6,211.8,210,208.4,206.8,205.2,203.6,202
carbonSequestration,pounds,Southwest desert,Med,11.4,22.8,34.2,45.6,57,74.6,92.2,109.8,127.4,145,161.8,178.6,195.4,212.2,229,244.4,259.8,275.2,290.6,306,320.8,335.6,350.4,365.2,380,393.6,407.2,420.8,434.4,448,454.4,460.8,467.2,473.6,480,484.6,489.2,493.8,498.4,503
carbonSequestration,pounds,Southwest desert,Large,4.8,9.6,14.4,19.2,24,29.8,35.6,41.4,47.2,53,64.2,75.4,86.6,97.8,109,125.6,142.2,158.8,175.4,192,215.2,238.4,261.6,284.8,308,336.2,364.4,392.6,420.8,449,456.6,464.2,471.8,479.4,487,492.2,497.4,502.6,507.8,513
carbonSequestration,pounds,Southwest desert,Conifer,5.2,10.4,15.6,20.8,26,34.2,42.4,50.6,58.8,67,85.2,103.4,121.6,139.8,158,164.6,171.2,177.8,184.4,191,206.6,222.2,237.8,253.4,269,282.6,296.2,309.8,323.4,337,344,351,358,365,372,364.6,357.2,349.8,342.4,335
carbonSequestration,pounds,Inland Empire,Small,0.6,1.2,1.8,2.4,3,3.4,3.8,4.2,4.6,5,6,7,8,9,10,11.6,13.2,14.8,16.4,18,20,22,24,26,28,29.2,30.4,31.6,32.8,34,35.8,37.6,39.4,41.2,43,45,47,49,51,53
carbonSequestration,pounds,Inland Empire,Med,9.4,18.8,28.2,37.6,47,61.2,75.4,89.6,103.8,118,130,142,154,166,178,185,192,199,206,213,214.6,216.2,217.8,219.4,221,217.4,213.8,210.2,206.6,203,195.4,187.8,180.2,172.6,165,154.6,144.2,133.8,123.4,113
carbonSequestration,pounds,Inland Empire,Large,2.8,5.6,8.4,11.2,14,34,54,74,94,114,135.2,156.4,177.6,198.8,220,235.8,251.6,267.4,283.2,299,309.6,320.2,330.8,341.4,352,358.8,365.6,372.4,379.2,386,389.6,393.2,396.8,400.4,404,405.6,407.2,408.8,410.4,412
carbonSequestration,pounds,Northern California Coast,Small,2.6,5.2,7.8,10.4,13,15.6,18.2,20.8,23.4,26,29.4,32.8,36.2,39.6,43,47.8,52.6,57.4,62.2,67,72,77,82,87,92,96.8,101.6,106.4,111.2,116,120.6,125.2,129.8,134.4,139,143.2,147.4,151.6,155.8,160
carbonSequestration,pounds,Northern California Coast,Med,4.6,9.2,13.8,18.4,23,28.8,34.6,40.4,46.2,52,58.4,64.8,71.2,77.6,84,90.4,96.8,103.2,109.6,116,122.6,129.2,135.8,142.4,149,155.6,162.2,168.8,175.4,182,188.8,195.6,202.4,209.2,216,222.8,229.6,236.4,243.2,250
carbonSequestration,pounds,Northern California Coast,Large,3.6,7.2,10.8,14.4,18,24.6,31.2,37.8,44.4,51,59.4,67.8,76.2,84.6,93,101.4,109.8,118.2,126.6,135,143.8,152.6,161.4,170.2,179,187.4,195.8,204.2,212.6,221,229.6,238.2,246.8,255.4,264,271,278,285,292,299
carbonSequestration,pounds,Northern California Coast,Conifer,10,20,30,40,50,58.6,67.2,75.8,84.4,93,102.8,112.6,122.4,132.2,142,152,162,172,182,192,203,214,225,236,247,259.2,271.4,283.6,295.8,308,319,330,341,352,363,373,383,393,403,413
carbonSequestration,pounds,Southern California Coast,Small,0.6,1.2,1.8,2.4,3,4,5,6,7,8,8.6,9.2,9.8,10.4,11,11.6,12.2,12.8,13.4,14,14.4,14.8,15.2,15.6,16,16.4,16.8,17.2,17.6,18,18.4,18.8,19.2,19.6,20,20.2,20.4,20.6,20.8,21
carbonSequestration,pounds,Southern California Coast,Med,1.6,3.2,4.8,6.4,8,9.8,11.6,13.4,15.2,17,18.4,19.8,21.2,22.6,24,25.6,27.2,28.8,30.4,32,33.4,34.8,36.2,37.6,39,40.4,41.8,43.2,44.6,46,47,48,49,50,51,51.8,52.6,53.4,54.2,55
carbonSequestration,pounds,Southern California Coast,Large,1.4,2.8,4.2,5.6,7,14.8,22.6,30.4,38.2,46,56,66,76,86,96,104.6,113.2,121.8,130.4,139,146.2,153.4,160.6,167.8,175,180.2,185.4,190.6,195.8,201,205,209,213,217,221,223.6,226.2,228.8,231.4,234
carbonSequestration,pounds,Temperate Interior West,Small,3,6,9,12,15,27.8,40.6,53.4,66.2,79,93.4,107.8,122.2,136.6,151,163.8,176.6,189.4,202.2,215,224.4,233.8,243.2,252.6,262,270.6,279.2,287.8,296.4,305,310,315,320,325,330,334,338,342,346,350
carbonSequestration,pounds,Temperate Interior West,Med,12.4,24.8,37.2,49.6,62,80.8,99.6,118.4,137.2,156,174.2,192.4,210.6,228.8,247,262.8,278.6,294.4,310.2,326,337.8,349.6,361.4,373.2,385,392.8,400.6,408.4,416.2,424,427.8,431.6,435.4,439.2,443,446,449,452,455,458
carbonSequestration,pounds,Temperate Interior West,Large,8.4,16.8,25.2,33.6,42,64.6,87.2,109.8,132.4,155,177.8,200.6,223.4,246.2,269,288.8,308.6,328.4,348.2,368,382.8,397.6,412.4,427.2,442,452.8,463.6,474.4,485.2,496,503.6,511.2,518.8,526.4,534,538.8,543.6,548.4,553.2,558
carbonSequestration,pounds,Temperate Interior West,Conifer,9.2,18.4,27.6,36.8,46,56.2,66.4,76.6,86.8,97,104.4,111.8,119.2,126.6,134,139.4,144.8,150.2,155.6,161,164.4,167.8,171.2,174.6,178,180.6,183.2,185.8,188.4,191,191.6,192.2,192.8,193.4,194,194.2,194.4,194.6,194.8,195
carbonSequestration,pounds,Inland Valley (San Juaquin Valley),Small,-0.8,-1.6,-2.4,-3.2,-4,-0.6,2.8,6.2,9.6,13,15.4,17.8,20.2,22.6,25,26.8,28.6,30.4,32.2,34,34.6,35.2,35.8,36.4,37,37.2,37.4,37.6,37.8,38,37.8,37.6,37.4,37.2,37,36.6,36.2,35.8,35.4,35
carbonSequestration,pounds,Inland Valley (San Juaquin Valley),Med,1.6,3.2,4.8,6.4,8,18,28,38,48,58,67.6,77.2,86.8,96.4,106,112,118,124,130,136,138.2,140.4,142.6,144.8,147,146.4,145.8,145.2,144.6,144,142,140,138,136,134,131.8,129.6,127.4,125.2,123
carbonSequestration,pounds,Inland Valley (San Juaquin Valley),Large,5,10,15,20,25,44.2,63.4,82.6,101.8,121,141,161,181,201,221,234,247,260,273,286,291,296,301,306,311,310.6,310.2,309.8,309.4,309,305.8,302.6,299.4,296.2,293,289,285,281,277,273
